Cluster,PC1,PC2,PC3,PC4,PC5,PC6,PC7,PC8,PC9,,
0,0.8619322335096533,-0.023782044,-0.585307167,-0.101472757,0.2180502491873002,-0.145727599,-0.019993772,0.05570588047353994,-0.018822625,,PC1较高，PC2低，年轻高消费 + 非传统路径
1,-1.016881879,1.6054345148318714,0.22988782698291288,0.008394367750412062,-0.003871688,-0.012160409,0.0011530461362911412,0.004641157859733256,-0.002564755,,PC1低，PC2高，年长 + 工龄长 + 低消费
2,-1.030817042,-0.768862548,-0.168719931,-0.001677892,-0.094777577,0.06956257138413391,0.03028909581575983,-0.049061521,0.010627291977536365,,PC1低，PC2低，年轻低中龄低消费，学生
3,0.42777266208012155,-0.575516631,1.1484310630355803,0.11347038393729968,0.08349555228360735,-0.084421536,-0.100807248,0.09010564771806921,-0.009493715,,PC3高，PC1略高，高龄 + 低消费 + 工龄短
4,2.4329112623359435,0.3257700136273039,-0.182367959,0.06404111920233824,-0.330164954,0.2697101656165001,0.09608270393722541,-0.11670035,0.029524588007283095,,极端高消费 + 非传统路径
